{"1181":{"Location":[-706.73223876953125,1516.4974365234375,300.97158813476563],"Viewpoints":{"2":{"FieldOfView":80,"Location":[-1709.5460205078125,2341.39892578125,859.25457763671875],"Rotation":[0,-29.888544082641602,-65.043907165527344],"SliceModeOn":false,"SliceLocation":[220,110,130],"ObjectsOpacity":{"000__ARQ_ROOT__LINK_276583__OBJ_281689":2,"000__ARQ_ROOT__LINK_276583__OBJ_281779":2,"000__ARQ_ROOT__LINK_276583__OBJ_281959":2,"000__ARQ_ROOT__LINK_276583__OBJ_281900":2,"000__ARQ_ROOT__LINK_276583__OBJ_281930":2,"000__ARQ_ROOT__LINK_276583__OBJ_286372":2,"000__ARQ_ROOT__LINK_276583__OBJ_363720":2,"000__ARQ_ROOT__LINK_276583__OBJ_363754":2,"000__ARQ_ROOT__LINK_276583__OBJ_477770":2,"000__OBJ_Sphere2":2,"000__OBJ_Sphere11":2,"000__ARQ_ROOT__LINK_276583__OBJ_277765":2,"000__ARQ_ROOT__LINK_276583__OBJ_277773":2,"000__ARQ_ROOT__LINK_276583__OBJ_277881":2,"000__ARQ_ROOT__LINK_276583__OBJ_277884":2,"000__ARQ_ROOT__LINK_276583__OBJ_277886":2,"000__ARQ_ROOT__LINK_276583__OBJ_277958":2,"000__ARQ_ROOT__LINK_276583__OBJ_277961":2,"000__ARQ_ROOT__LINK_276583__OBJ_277964":2,"000__ARQ_ROOT__LINK_276583__OBJ_278537":2,"000__ARQ_ROOT__LINK_276583__OBJ_278997":2,"000__ARQ_ROOT__LINK_276583__OBJ_280438":2,"000__ARQ_ROOT__LINK_276583__OBJ_280483":2,"000__ARQ_ROOT__LINK_276583__OBJ_280486":2,"000__ARQ_ROOT__LINK_276583__OBJ_280537":2,"000__ARQ_ROOT__LINK_276583__OBJ_280552":2,"000__ARQ_ROOT__LINK_276583__OBJ_280588":2,"000__ARQ_ROOT__LINK_276583__OBJ_280626":2,"000__ARQ_ROOT__LINK_276583__OBJ_280638":2,"000__ARQ_ROOT__LINK_276583__OBJ_280662":2,"000__ARQ_ROOT__LINK_276583__OBJ_280686":2,"000__ARQ_ROOT__LINK_276583__OBJ_280698":2,"000__ARQ_ROOT__LINK_276583__OBJ_280722":2,"000__ARQ_ROOT__LINK_276583__OBJ_280775":2,"000__ARQ_ROOT__LINK_276583__OBJ_280795":2,"000__ARQ_ROOT__LINK_276583__OBJ_280976":2,"000__ARQ_ROOT__LINK_276583__OBJ_280979":2,"000__ARQ_ROOT__LINK_276583__OBJ_281001":2,"000__ARQ_ROOT__LINK_276583__OBJ_281007":2,"000__ARQ_ROOT__LINK_276583__OBJ_281052":2,"000__ARQ_ROOT__LINK_276583__OBJ_281058":2,"000__ARQ_ROOT__LINK_276583__OBJ_281064":2,"000__ARQ_ROOT__LINK_276583__OBJ_281073":2,"000__ARQ_ROOT__LINK_276583__OBJ_281097":2,"000__ARQ_ROOT__LINK_276583__OBJ_281117":2,"000__ARQ_ROOT__LINK_276583__OBJ_281203":2,"000__ARQ_ROOT__LINK_276583__OBJ_281223":2,"000__ARQ_ROOT__LINK_276583__OBJ_281237":2,"000__ARQ_ROOT__LINK_276583__OBJ_281246":2,"000__ARQ_ROOT__LINK_276583__OBJ_281301":2,"000__ARQ_ROOT__LINK_276583__OBJ_409851":2,"000__ARQ_ROOT__LINK_276583__OBJ_415936":2,"000__ARQ_ROOT__LINK_276583__OBJ_416083":2,"000__ARQ_ROOT__LINK_276583__OBJ_416319":2,"000__ARQ_ROOT__LINK_276583__OBJ_416381":2,"000__ARQ_ROOT__LINK_276583__OBJ_416419":2,"000__ARQ_ROOT__LINK_276583__OBJ_416460":2,"000__ARQ_ROOT__LINK_276583__OBJ_416475":2,"000__ARQ_ROOT__LINK_276583__OBJ_416489":2,"000__ARQ_ROOT__LINK_276583__OBJ_364163":2,"000__ARQ_ROOT__LINK_276583__OBJ_364271":2,"000__ARQ_ROOT__LINK_276583__OBJ_364327":2,"000__ARQ_ROOT__LINK_276583__OBJ_364335":2,"000__ARQ_ROOT__LINK_276583__OBJ_364365":2,"000__ARQ_ROOT__LINK_276583__OBJ_364377":2,"000__ARQ_ROOT__LINK_276583__OBJ_363867":2,"000__ARQ_ROOT__LINK_276583__OBJ_363875":2,"000__ARQ_ROOT__LINK_276583__OBJ_363939":2,"000__ARQ_ROOT__LINK_276583__OBJ_363947":2,"000__ARQ_ROOT__LINK_276583__OBJ_363973":2,"000__ARQ_ROOT__LINK_276583__OBJ_363989":2,"000__ARQ_ROOT__LINK_276583__OBJ_363997":2,"000__ARQ_ROOT__LINK_276583__OBJ_364385":2,"000__ARQ_ROOT__LINK_276583__OBJ_364403":2,"000__ARQ_ROOT__LINK_276583__OBJ_364411":2,"000__ARQ_ROOT__LINK_276583__OBJ_364579":2,"000__ARQ_ROOT__LINK_276583__OBJ_364704":2,"000__ARQ_ROOT__LINK_276583__OBJ_364874":2,"000__ARQ_ROOT__LINK_276583__OBJ_368025":2,"000__ARQ_ROOT__LINK_276583__OBJ_387522":2,"000__ARQ_ROOT__LINK_276583__OBJ_387539":2,"000__ARQ_ROOT__LINK_276583__OBJ_387832":2,"000__ARQ_ROOT__LINK_276583__OBJ_387866":2,"000__ARQ_ROOT__LINK_276583__OBJ_407359":2,"000__ARQ_ROOT__LINK_276583__OBJ_407591":2,"000__ARQ_ROOT__LINK_276583__OBJ_407676":2,"000__ARQ_ROOT__LINK_276583__OBJ_409315":2},"OpacityGroups":{"alvenaria":1,"ARQ_Outros":1,"ELE_Outros":1,"MOB_Outros":1},"NavigationMode":3,"SlicePlaneStatusX":0,"SlicePlaneStatusY":0,"SlicePlaneStatusZ":0,"SpringArmDistance":0,"MeasureModeOn":false,"MeasurePointA":[0,0,0],"MeasurePointB":[0,0,0],"LoadedLevels":["TestMap_ARQ"]},"1":{"FieldOfView":80,"Location":[-383.3060302734375,2939.031494140625,1000.9757080078125],"Rotation":[0,-19.999994277954102,-89.99993896484375],"SliceModeOn":false,"SliceLocation":[220,110,130],"ObjectsOpacity":{},"OpacityGroups":{"alvenaria":1,"ARQ_Outros":1,"ELE_Outros":1,"MOB_Outros":1},"NavigationMode":3,"SlicePlaneStatusX":0,"SlicePlaneStatusY":0,"SlicePlaneStatusZ":0,"SpringArmDistance":0,"MeasureModeOn":false,"MeasurePointA":[0,0,0],"MeasurePointB":[0,0,0],"LoadedLevels":["TestMap_ARQ"]},"34":{"FieldOfView":80,"Location":[-408.88674926757813,2884.661865234375,981.34417724609375],"Rotation":[-9.0856645184964248e-07,-19.999912261962891,-90.000099182128906],"SliceModeOn":false,"SliceLocation":[220,110,130],"ObjectsOpacity":{},"OpacityGroups":{"alvenaria":1,"ARQ_Outros":1,"ELE_Outros":1,"MOB_Outros":1},"NavigationMode":3,"SlicePlaneStatusX":0,"SlicePlaneStatusY":0,"SlicePlaneStatusZ":0,"SpringArmDistance":0,"MeasureModeOn":false,"MeasurePointA":[0,0,0],"MeasurePointB":[0,0,0],"LoadedLevels":["TestMap_ARQ"]}}},"2268":{"Viewpoints":{"nome da vista":{"FieldOfView":80,"Location":[639.8775634765625,-790.2825927734375,470.231201171875],"Rotation":[-3.0507361987296512e-06,11.620343208312988,-124.74233245849609],"SliceModeOn":false,"SliceLocation":[220,110,130],"ObjectsOpacity":{"000__ARQ_ROOT__LINK_276583__OBJ_281689":2,"000__ARQ_ROOT__LINK_276583__OBJ_281779":2,"000__ARQ_ROOT__LINK_276583__OBJ_281959":2,"000__ARQ_ROOT__LINK_276583__OBJ_281900":2,"000__ARQ_ROOT__LINK_276583__OBJ_281930":2,"000__ARQ_ROOT__LINK_276583__OBJ_286372":2,"000__ARQ_ROOT__LINK_276583__OBJ_363720":2,"000__ARQ_ROOT__LINK_276583__OBJ_363754":2,"000__ARQ_ROOT__LINK_276583__OBJ_477770":2,"000__OBJ_Sphere2":2,"000__OBJ_Sphere11":2,"000__ARQ_ROOT__LINK_276583__OBJ_277765":2,"000__ARQ_ROOT__LINK_276583__OBJ_277773":2,"000__ARQ_ROOT__LINK_276583__OBJ_277881":2,"000__ARQ_ROOT__LINK_276583__OBJ_277884":2,"000__ARQ_ROOT__LINK_276583__OBJ_277886":2,"000__ARQ_ROOT__LINK_276583__OBJ_277958":2,"000__ARQ_ROOT__LINK_276583__OBJ_277961":2,"000__ARQ_ROOT__LINK_276583__OBJ_277964":2,"000__ARQ_ROOT__LINK_276583__OBJ_278537":2,"000__ARQ_ROOT__LINK_276583__OBJ_278997":2,"000__ARQ_ROOT__LINK_276583__OBJ_280438":2,"000__ARQ_ROOT__LINK_276583__OBJ_280483":2,"000__ARQ_ROOT__LINK_276583__OBJ_280486":2,"000__ARQ_ROOT__LINK_276583__OBJ_280537":2,"000__ARQ_ROOT__LINK_276583__OBJ_280552":2,"000__ARQ_ROOT__LINK_276583__OBJ_280588":2,"000__ARQ_ROOT__LINK_276583__OBJ_280626":2,"000__ARQ_ROOT__LINK_276583__OBJ_280638":2,"000__ARQ_ROOT__LINK_276583__OBJ_280662":2,"000__ARQ_ROOT__LINK_276583__OBJ_280686":2,"000__ARQ_ROOT__LINK_276583__OBJ_280698":2,"000__ARQ_ROOT__LINK_276583__OBJ_280722":2,"000__ARQ_ROOT__LINK_276583__OBJ_280775":2,"000__ARQ_ROOT__LINK_276583__OBJ_280795":2,"000__ARQ_ROOT__LINK_276583__OBJ_280976":2,"000__ARQ_ROOT__LINK_276583__OBJ_280979":2,"000__ARQ_ROOT__LINK_276583__OBJ_281001":2,"000__ARQ_ROOT__LINK_276583__OBJ_281007":2,"000__ARQ_ROOT__LINK_276583__OBJ_281052":2,"000__ARQ_ROOT__LINK_276583__OBJ_281058":2,"000__ARQ_ROOT__LINK_276583__OBJ_281064":2,"000__ARQ_ROOT__LINK_276583__OBJ_281073":2,"000__ARQ_ROOT__LINK_276583__OBJ_281097":2,"000__ARQ_ROOT__LINK_276583__OBJ_281117":2,"000__ARQ_ROOT__LINK_276583__OBJ_281203":2,"000__ARQ_ROOT__LINK_276583__OBJ_281223":2,"000__ARQ_ROOT__LINK_276583__OBJ_281237":2,"000__ARQ_ROOT__LINK_276583__OBJ_281246":2,"000__ARQ_ROOT__LINK_276583__OBJ_281301":2,"000__ARQ_ROOT__LINK_276583__OBJ_409851":2,"000__ARQ_ROOT__LINK_276583__OBJ_415936":2,"000__ARQ_ROOT__LINK_276583__OBJ_416083":2,"000__ARQ_ROOT__LINK_276583__OBJ_416319":2,"000__ARQ_ROOT__LINK_276583__OBJ_416381":2,"000__ARQ_ROOT__LINK_276583__OBJ_416419":2,"000__ARQ_ROOT__LINK_276583__OBJ_416460":2,