{"1181":[-362.3248291015625,1028.82763671875,709.947021484375],"1351":[570.71014404296875,873.75048828125,1001.4265747070313]}