{"aaaa":{"a":{"FieldOfView":80,"Location":[-718.59039306640625,2292.70947265625,709.13067626953125],"Rotation":[0,-17.478090286254883,-75.266685485839844],"SliceModeOn":false,"SliceLocation":[220,110,40],"ObjectsOpacity":{"Piso_h12_PROJETABIM_287182":2,"TQS_-_Pilar_retangular_19_0x79_0_PROJETABIM_470206":2,"TQS_-_Viga_retangular_19_0_x_80_0_PROJETABIM_470277":2,"TQS_-_Viga_retangular_19_0_x_80_0_PROJETABIM_470288":2,"TQS_-_Viga_retangular_19_0_x_80_0_PROJETABIM_470365":2,"TQS_-_Viga_retangular_19_0_x_70_0_PROJETABIM_470385":1,"255973_PROJETABIM_255922":1,"255922_PROJETABIM_8761":2,"Piso_h12_PROJETABIM_387832":2,"Piso_h10_PROJETABIM_387955":1,"TQS_-_Viga_retangular_19_0_x_19_0_PROJETABIM_406665":2,"TQS_-_Pilar_retangular_307_0x19_0_PROJETABIM_277789":1,"TQS_-_Viga_retangular_19_0_x_115_0_PROJETABIM_281986":2,"SceneCenter":2},"OpacityGroups":{"alvenaria":1,"Revestimento_Interno":1,"revestimento_externo":1,"Drywall":0.30000001192092896,"Forro":0.30000001192092896,"Janela":1,"Porta":0,"mobiliario":0},"NavigationMode":3,"SlicePlaneStatusX":0,"SlicePlaneStatusY":0,"SlicePlaneStatusZ":0,"SpringArmDistance":0,"MeasureModeOn":false,"MeasurePointA":[0,0,0],"MeasurePointB":[0,0,0]},"medida":{"FieldOfView":80,"Location":[1445.420654296875,1047.18115234375,657.4276123046875],"Rotation":[4.4756521698491523e-07,-17.484518051147461,-140.52088928222656],"SliceModeOn":false,"SliceLocation":[220,110,40],"ObjectsOpacity":{"Piso_h12_PROJETABIM_388087":2,"SceneCenter":2},"OpacityGroups":{"alvenaria":0,"Revestimento_Interno":0,"revestimento_externo":1,"Drywall":1,"Forro":1,"Janela":1,"Porta":1,"mobiliario":1},"NavigationMode":3,"SlicePlaneStatusX":0,"SlicePlaneStatusY":0,"SlicePlaneStatusZ":0,"SpringArmDistance":0,"MeasureModeOn":true,"MeasurePointA":[329.17919921875,760.716796875,349.97979736328125],"MeasurePointB":[1058.49609375,295.50299072265625,349.97998046875]},"cortes":{"FieldOfView":110,"Location":[1085.694580078125,-685.2738037109375,249.50418090820313],"Rotation":[6.466029992583737e-07,-7.9872431755065918,144.78834533691406],"SliceModeOn":true,"SliceLocation":[473.09213256835938,110,272.6068115234375],"ObjectsOpacity":{"SceneCenter":2},"OpacityGroups":{"alvenaria":1,"Revestimento_Interno":1,"revestimento_externo":1,"Drywall":1,"Forro":1,"Janela":1,"Porta":1,"mobiliario":1},"NavigationMode":1,"SlicePlaneStatusX":1,"SlicePlaneStatusY":0,"SlicePlaneStatusZ":1,"SpringArmDistance":0,"MeasureModeOn":false,"MeasurePointA":[329.17919921875,760.716796875,349.97979736328125],"MeasurePointB":[1058.49609375,295.50299072265625,349.97998046875]},"teste":{"FieldOfView":80,"Location":[92.192886352539063,1763.5264892578125,596.38067626953125],"Rotation":[0,12.722414970397949,-82.413978576660156],"SliceModeOn":false,"SliceLocation":[220,110,130],"ObjectsOpacity":{"Sphere6":2,"Sphere7":2,"Sphere8":2,"Cube_12":2,"Cube2":2,"Cube3":2,"Cube4":2,"Cube5":2,"Cube6":2,"Cube7":2,"Cube9":2,"Cube10":2,"Cube11":2,"Cube12":2,"Cube13":2,"Cube14":2,"Cube17":2,"Cube22":2,"Cube23":2,"Cube24":2,"Cube16":2,"Cube18":2,"Cube19":2,"Cube20":2,"Cube21":2,"Cube25":2,"Cube26":2,"Cube27":2,"Cube28":2,"Sphere18_14":2,"Sphere9":2,"Sphere10":2,"Sphere11":2,"Sphere12":2,"Sphere14_2":2,"Sphere15_5":2,"Sphere16_8":2,"Sphere17_11":2,"Cube8":2,"Cube15":2,"Sphere_2":2,"Sphere2":2,"Sphere3":2,"Sphere4":2,"Sphere5":2,"Sphere13_46":2},"OpacityGroups":{"Ar condicionado":0,"Ventilacao":0,"alvenaria":1,"Revestimento_Interno":0.30000001192092896,"Revestimento_Externo":0,"Drywall":1,"Forro":0.30000001192092896,"Janela":0,"Porta":1,"Estrutura":1,"Eletrica":1,"Hidrossanitario":1},"NavigationMode":3,"SlicePlaneStatusX":0,"SlicePlaneStatusY":0,"SlicePlaneStatusZ":0,"SpringArmDistance":0,"MeasureModeOn":false,"MeasurePointA":[0,0,0],"MeasurePointB":[0,0,0]},"stream":{"FieldOfView":80,"Location":[-15.368316650390625,2082.09375,866.824462890625],"Rotation":[-2.146776568913229e-07,-6.1468420028686523,-89.844551086425781],"SliceModeOn":false,"SliceLocation":[220,110,130],"ObjectsOpacity":{"Sphere_2":2,"Sphere2":2,"Sphere3":2,"Sphere4":2,"Sphere5":2,"Sphere7":2,"Sphere8":2,"Cube_12":2,"Cube2":2,"Cube3":2,"Cube4":2,"Cube7":2,"Cube12":2,"Cube13":2,"Cube14":2,"Cube6":2,"Cube8":2,"Cube9":2,"Cube10":2,"Cube11":2,"Cube15":2,"Cube16":2,"Cube17":2,"Cube18":2,"Cube19":2,"Cube20":2,"Cube21":2,"Cube22":2,"Sphere6":2,"Cube5":2,"Sphere14_2":2,"Sphere15_5":2,"Sphere16_8":2,"Sphere17_11":2,"Sphere18_14":2,"Cube23":2,"Cube24":2,"Cube25":2,"Cube26":2,"Cube27":2,"Cube28":2,"Sphere9":2,"Sphere10":2,"Sphere11":2,"Sphere12":2,"Sphere13_46":2},"OpacityGroups":{"Ar condicionado":1,"Ventilacao":1,"alvenaria":1,"Revestimento_Interno":1,"Revestimento_Externo":1,"Drywall":1,"Forro":1,"Janela":1,"Porta":1,"Estrutura":1,"Eletrica":1,"Hidrossanitario":1},"NavigationMode":3,"SlicePlaneStatusX":0,"SlicePlaneStatusY":0,"SlicePlaneStatusZ":0,"SpringArmDistance":0,"MeasureModeOn":false,"MeasurePointA":[0,0,0],"MeasurePointB":[0,0,0],"LoadedLevels":["TestMap_ACV","TestMap_ACV","TestMap_ACV","TestMap_ACV","TestMap_ACV","TestMap_ACV"],"UnloadedLevels":["TestMap_ARQ","TestMap_EST","TestMap_ELE","TestMap_FUN","TestMap_HIDRO","TestMap_ARQ","TestMap_EST","TestMap_ELE","TestMap_FUN","TestMap_HIDRO","TestMap_ARQ","TestMap_EST","TestMap_ELE","TestMap_FUN","TestMap_HIDRO","TestMap_ARQ","TestMap_EST","TestMap_ELE","TestMap_FUN","TestMap_HIDRO","TestMap_ARQ","TestMap_EST","TestMap_ELE","TestMap_FUN","TestMap_HIDRO","TestMap_ARQ","TestMap_EST","TestMap_ELE","TestMap_FUN","TestMap_HIDRO"]},"poi":{"FieldOfView":80,"Location":[209.9998779296875,1589.997802734375,387.0009765625],"Rotation":[-3.2568876718425314e-12,-3.4150934484986005e-05,-90.000091552734375],"SliceModeOn":false,"SliceLocation":[220,110,130],"ObjectsOpacity":{"Sphere14_2":2,"Sphere15_5":2,"Sphere16_8":2,"Sphere17_11":2,"Sphere18_14":2,"Sphere5":2,"Sphere6":2,"Sphere7":2,"Sphere_2":2,"Sphere2":2,"Sphere3":2,"Sphere4":2,"Sphere8":2,"Cube_12":2,"Cube2":2,"Cube3":2,"Cube4":2,"Cube5":2,"Cube6":2,"Cube7":2,"Cube8":2,"Cube9":2,"Cube10":2,"Cube11":2,"Cube12":2,"Cube13":2,"Cube14":2,"Cube15":2,"Cube16":2,"Cube17":2,"Cube18":2,"Cube19":2,"Cube20":2,"Cube21":2,"Cube22":2,"Cube23":2,"Cube24":2,"Cube25":2,"Cube26":2,"Cube27":2,"Cube28":2,"Sphere9":2,"Sphere10":2,"Sphere11":2,"Sphere12":2,"Sphere13_46":2},"OpacityGroups":{"Ar condicionado":1,"Ventilacao":1,"alvenaria":1,"Revestimento_Interno":1,"Revestimento_Externo":1,"Drywall":1,"Forro":1,"Janela":1,"Porta":1,"Estrutura":1,"Eletrica":1,"Hidrossanitario":1},"NavigationMode":3,"SlicePlaneStatusX":0,"SlicePlaneStatusY":0,"SlicePlaneStatusZ":0,"SpringArmDistance":0,"MeasureModeOn":false,"MeasurePointA":[0,0,0],"MeasurePointB":[0,0,0],"LoadedLevels":["TestMap_ACV","TestMap_ACV","TestMap_ACV","TestMap_ACV","TestMap_ACV","TestMap_ACV"],"UnloadedLevels":["TestMap_ARQ","TestMap_EST","TestMap_ELE","TestMap_FUN","TestMap_HIDRO","TestMap_ARQ","TestMap_EST","TestMap_ELE","TestMap_FUN","TestMap_HIDRO","TestMap_ARQ","TestMap_EST","TestMap_ELE","TestMap_FUN","TestMap_HIDRO","TestMap_ARQ","TestMap_EST","TestMap_ELE","TestMap_FUN","TestMap_HIDRO","TestMap_ARQ","TestMap_EST","TestMap_ELE","TestMap_FUN","TestMap_HIDRO","TestMap_ARQ","TestMap_EST","TestMap_ELE","TestMap_FUN","TestMap_HIDRO"]},"iop":{"FieldOfView":80,"Location":[209.9998779296875,1589.997802734375,387.0009765625],"Rotation":[-3.2568876848564125e-12,-3.41509353477112e-05,-90.000091552734375],"SliceModeOn":false,"SliceLocation":[220,110,130],"ObjectsOpacity":{"Sphere14_2":2,"Sphere15_5":2,"Sphere18_14":2,"Sphere17_11":2,"Sphere16_8":2,"Sphere_2":2,"Sphere2":2,"Sphere3":2,"Sphere4":2,"Sphere5":2,"Sphere6":2,"Sphere7":2,"Sphere8":2,"Cube_12":2,"Cube2":2,"Cube3":2,"Cube4":2,"Cube5":2,"Cube6":2,"Cube7":2,"Cube8":2,"Cube9":2,"Cube10":2,"Cube11":2,"Cube12":2,"Cube13":2,"Cube14":2,"Cube15":2,"Cube16":2,"Cube17":2,"Cube18":2,"Cube19":2,"Cube20":2,"Cube21":2,"Cube22":2,"Cube23":2,"Cube24":2,"Cube25":2,"Cube26":2,"Cube27":2,"Cube28":2,"Sphere9":2,"Sphere10":2,"Sphere11":2,"Sphere12":2,"Sphere13_46":2},"OpacityGroups":{"Ar condicionado":0,